{"cameraMode":{"drawMode":0,"name":"Shaded","section":"Shading Mode"},"sceneLighting":true,"audioPlay":false,"sceneViewState":{"m_AlwaysRefresh":false,"showFog":true,"showSkybox":true,"showFlares":true,"showImageEffects":true,"showParticleSystems":true,"showVisualEffectGraphs":true,"m_FxEnabled":true},"in2DMode":false,"pivot":{"x":-11.020277976989746,"y":11.029519081115723,"z":1.8210275173187256},"rotation":{"x":-0.0033059935085475446,"y":0.04707951471209526,"z":-0.00015582381456624717,"w":-0.9988852143287659},"size":1.851156234741211,"orthographic":false}