{"cameraMode":{"drawMode":0,"name":"Shaded","section":"Shading Mode"},"sceneLighting":true,"audioPlay":false,"sceneViewState":{"m_AlwaysRefresh":false,"showFog":true,"showSkybox":true,"showFlares":true,"showImageEffects":true,"showParticleSystems":true,"showVisualEffectGraphs":true,"m_FxEnabled":true},"in2DMode":false,"pivot":{"x":158.02447509765626,"y":3.9944097995758058,"z":14.199847221374512},"rotation":{"x":0.06308436393737793,"y":0.18626494705677033,"z":-0.012216477654874325,"w":0.9804007411003113},"size":12.995765686035157,"orthographic":false}