{"cameraMode":{"drawMode":0,"name":"Shaded","section":"Shading Mode"},"sceneLighting":true,"audioPlay":false,"sceneViewState":{"m_AlwaysRefresh":false,"showFog":true,"showSkybox":true,"showFlares":true,"showImageEffects":true,"showParticleSystems":true,"showVisualEffectGraphs":true,"m_FxEnabled":true},"in2DMode":false,"pivot":{"x":16.83989715576172,"y":7.203657150268555,"z":-13.328866004943848},"rotation":{"x":-0.06471242755651474,"y":-0.039808787405490878,"z":0.00258470606058836,"w":-0.9971081614494324},"size":1.0684539079666138,"orthographic":false}