{"cameraMode":{"drawMode":0,"name":"Shaded","section":"Shading Mode"},"sceneLighting":true,"audioPlay":false,"sceneViewState":{"m_AlwaysRefresh":false,"showFog":true,"showSkybox":true,"showFlares":true,"showImageEffects":true,"showParticleSystems":true,"showVisualEffectGraphs":true,"m_FxEnabled":true},"in2DMode":false,"pivot":{"x":1.9405078887939454,"y":16.673961639404298,"z":-8.738378524780274},"rotation":{"x":0.23177774250507356,"y":-0.16252803802490235,"z":0.03931006044149399,"w":0.9582862854003906},"size":1.1277904510498047,"orthographic":false}