{"cameraMode":{"drawMode":0,"name":"Shaded","section":"Shading Mode"},"sceneLighting":true,"audioPlay":false,"sceneViewState":{"m_AlwaysRefresh":false,"showFog":true,"showSkybox":true,"showFlares":true,"showImageEffects":true,"showParticleSystems":true,"showVisualEffectGraphs":true,"m_FxEnabled":true},"in2DMode":false,"pivot":{"x":-0.7896000146865845,"y":3.190999984741211,"z":-8.046627044677734e-7},"rotation":{"x":-0.014762268401682377,"y":0.25890401005744936,"z":-0.004062439315021038,"w":-0.9658560752868652},"size":1.418453574180603,"orthographic":false}