{"cameraMode":{"drawMode":0,"name":"Shaded","section":"Shading Mode"},"sceneLighting":true,"audioPlay":false,"sceneViewState":{"m_AlwaysRefresh":false,"showFog":true,"showSkybox":true,"showFlares":true,"showImageEffects":true,"showParticleSystems":true,"showVisualEffectGraphs":true,"m_FxEnabled":true},"in2DMode":false,"pivot":{"x":-48.0678596496582,"y":9.584260940551758,"z":2.8416194915771486},"rotation":{"x":-0.07158846408128739,"y":-0.04338783398270607,"z":0.002996983239427209,"w":-0.9965329170227051},"size":16.828584671020509,"orthographic":false}