{"cameraMode":{"drawMode":0,"name":"Shaded","section":"Shading Mode"},"sceneLighting":true,"audioPlay":false,"sceneViewState":{"m_AlwaysRefresh":false,"showFog":true,"showSkybox":true,"showFlares":true,"showImageEffects":true,"showParticleSystems":true,"showVisualEffectGraphs":true,"m_FxEnabled":true},"in2DMode":false,"pivot":{"x":13.777661323547364,"y":10.937707901000977,"z":-0.45022284984588625},"rotation":{"x":-0.043771762400865558,"y":-0.032367344945669177,"z":0.001412188052199781,"w":-0.9985069036483765},"size":20.602035522460939,"orthographic":false}