{"cameraMode":{"drawMode":0,"name":"Shaded","section":"Shading Mode"},"sceneLighting":true,"audioPlay":false,"sceneViewState":{"m_AlwaysRefresh":false,"showFog":true,"showSkybox":true,"showFlares":true,"showImageEffects":true,"showParticleSystems":true,"showVisualEffectGraphs":true,"m_FxEnabled":true},"in2DMode":false,"pivot":{"x":106.52608489990235,"y":-0.5906597375869751,"z":13.812262535095215},"rotation":{"x":-0.035785164684057239,"y":-0.16798754036426545,"z":0.006095576100051403,"w":-0.9850991368293762},"size":8.980854034423829,"orthographic":false}