{"cameraMode":{"drawMode":0,"name":"Shaded","section":"Shading Mode"},"sceneLighting":true,"audioPlay":false,"sceneViewState":{"m_AlwaysRefresh":false,"showFog":true,"showSkybox":true,"showFlares":true,"showImageEffects":true,"showParticleSystems":true,"showVisualEffectGraphs":true,"m_FxEnabled":true},"in2DMode":false,"pivot":{"x":5.49068021774292,"y":3.8711750507354738,"z":0.6995148658752441},"rotation":{"x":-0.16010992228984834,"y":-0.011251446790993214,"z":0.0018474047537893057,"w":-0.987055242061615},"size":11.37232494354248,"orthographic":false}