{"cameraMode":{"drawMode":0,"name":"Shaded","section":"Shading Mode"},"sceneLighting":true,"audioPlay":false,"sceneViewState":{"m_AlwaysRefresh":false,"showFog":true,"showSkybox":true,"showFlares":true,"showImageEffects":true,"showParticleSystems":true,"showVisualEffectGraphs":true,"m_FxEnabled":true},"in2DMode":false,"pivot":{"x":5.563724040985107,"y":6.914137840270996,"z":1.8226367235183716},"rotation":{"x":-0.17882108688354493,"y":0.16529805958271027,"z":-0.030507318675518037,"w":-0.9694481492042542},"size":31.292692184448243,"orthographic":false}