{"cameraMode":{"drawMode":0,"name":"Shaded","section":"Shading Mode"},"sceneLighting":true,"audioPlay":false,"sceneViewState":{"m_AlwaysRefresh":false,"showFog":true,"showSkybox":true,"showFlares":true,"showImageEffects":true,"showParticleSystems":true,"showVisualEffectGraphs":true,"m_FxEnabled":true},"in2DMode":false,"pivot":{"x":2.3959057331085207,"y":4.879965782165527,"z":-11.259282112121582},"rotation":{"x":0.02615140937268734,"y":-0.07633187621831894,"z":0.0066911885514855389,"w":0.9967024326324463},"size":1.9285534620285035,"orthographic":false}