{"cameraMode":{"drawMode":0,"name":"Shaded","section":"Shading Mode"},"sceneLighting":true,"audioPlay":false,"sceneViewState":{"m_AlwaysRefresh":false,"showFog":true,"showSkybox":true,"showFlares":true,"showImageEffects":true,"showParticleSystems":true,"showVisualEffectGraphs":true,"m_FxEnabled":true},"in2DMode":false,"pivot":{"x":38.46595001220703,"y":2.587430000305176,"z":1.5855858325958253},"rotation":{"x":-0.1540079265832901,"y":-0.048298582434654239,"z":0.007537666708230972,"w":-0.9868618249893189},"size":13.094283103942871,"orthographic":false}