{"cameraMode":{"drawMode":0,"name":"Shaded","section":"Shading Mode"},"sceneLighting":true,"audioPlay":false,"sceneViewState":{"m_AlwaysRefresh":false,"showFog":true,"showSkybox":true,"showFlares":true,"showImageEffects":true,"showParticleSystems":true,"showVisualEffectGraphs":true,"m_FxEnabled":true},"in2DMode":false,"pivot":{"x":30.412837982177736,"y":13.168726921081543,"z":-97.61428833007813},"rotation":{"x":-0.17198118567466737,"y":0.16026733815670014,"z":-0.028463155031204225,"w":-0.9715959429740906},"size":0.02046685852110386,"orthographic":false}