{"cameraMode":{"drawMode":0,"name":"Shaded","section":"Shading Mode"},"sceneLighting":true,"audioPlay":false,"sceneViewState":{"m_AlwaysRefresh":false,"showFog":true,"showSkybox":true,"showFlares":true,"showImageEffects":true,"showParticleSystems":true,"showVisualEffectGraphs":true,"m_FxEnabled":true},"in2DMode":false,"pivot":{"x":24.44038200378418,"y":15.844282150268555,"z":40.112205505371097},"rotation":{"x":0.0979580506682396,"y":-0.10217298567295075,"z":-0.010396559722721577,"w":-0.9896324872970581},"size":33.289730072021487,"orthographic":false}